id,view,x,y,w,h,rotationDeg,anchor,align,fontH,parent
title,home,-0.0837791757023513,-0.2777777777777778,0.48400317466799003,0.05326540475266734,0,topCenter,center,0.03757496095493616,
join_qr,home,-0.0925926,-0.0925926,0.1851852,0.1851852,0,centerCenter,,,
v2_note,view2,0.86,-0.38,0.70,0.10,0,bottomRight,center,,
timer1,view2,-0.30,0.15,1.10,0.70,0,centerCenter,,,
