id,view,x,y,w,h,rotationDeg,anchor,align,vAlign,fontH,parent
EOES_logo,main,0.015,0.015,0.2,0.083,,topLeft,,,,
place_date,main,0.24722222222222223,0.028888888888888888,0.35,0.06,,topRight,,,0.036,
author,main,0.017777777777777778,1.2055555555555555,0.35,0.042,,bottomLeft,,,0.025,
title,home,-0.0837791757023513,-0.2777777777777778,0.48400317466799003,0.05326540475266734,0,topCenter,center,,0.03757496095493616,
join_qr,home,-0.0925926,-0.0925926,0.1851852,0.1851852,0,centerCenter,,,,
my_table,home,0.25,0.10,0.85,0.35,0,topLeft,,,,
v2_note,view2,0.7077206595538315,-0.3761202715809893,1.3401551891367602,0.1,0,bottomRight,center,,0.06,
timer1,view2,-0.9952145399239791,0.11095783778853917,1.1,0.7,0,centerCenter,,,,
fav_subjects,view3,-0.2652806352169431,-0.13894353484189229,0.8670238009162793,0.3816079906894317,0,centerCenter,,,,
