id,view,x,y,w,h,rotationDeg,anchor,align,vAlign,fontH,parent
EOES_logo,main,0.015,0.015,0.2,0.083,,topLeft,,,,
place_date,main,0.24722222222222223,0.028888888888888888,0.35,0.06,,topRight,,,0.036,
author,main,0.017777777777777778,1.2055555555555555,0.35,0.042,,bottomLeft,,,0.025,
title,home,-0.0837791757023513,-0.2777777777777778,0.48400317466799003,0.05326540475266734,0,topCenter,center,,0.03757496095493616,
join_qr,home,-0.0925926,-0.0925926,0.1851852,0.1851852,0,centerCenter,,,,
v2_note,view2,0.7077206595538315,-0.3761202715809893,1.3401551891367602,0.1,0,bottomRight,center,,0.06,
timer1,view2,-0.07783685042816244,0.09269956974312643,1.1,0.7,0,centerCenter,,,,
fav_subjects,view3,-0.6694616637637233,0.0466069299158182,0.40144942295416985,0.4130469952112878,0,centerRight,,,0.03609795720456343,
sound_title,view4,0,-0.42,1.0,0.08,0,topCenter,center,,0.05,
sound1,view4,0,0.05,1.35,0.75,0,centerCenter,,,,
